Trainee ID,Trainee Name,Email,Remarks
FS001,Ajay G,guntiajay630@gmail.com,
FS002,Arun Kumar M,arun.myaka14@gmail.com,
FS003,Arun P,panjalaarungoud1@gmail.com,
FS004,Bhanu,bhanumudhiraj17@gmail.com,
FS005,Chandra Shekar B,chandrashekarbijja@gmail.com,
FS006,G Harshavardhan Reddy,harshavardhan4449@gmail.com,
FS007,Geethika,gujjalageethika@gmail.com,
FS008,Harish M,harishmutta1327@gmail.com,
FS009,Harishwar,athellyhareeshwarreddy@gmail.com,
FS010,K Shravani,shravanikammari2001@gmail.com,
FS011,Krishna Mohan,krishnamohanthirupathi79@gmail.com,
FS012,Lohith,vennapureddylohith@gmail.com,
FS013,MahaLakshmi,kasimahalakshmi.work16@gmail.com,
FS014,Mahesh P,maheshpinnam30@gmail.com,
FS015,Navya Sree B,navya0873@gmail.com,
FS016,Praveen,praveenbhoomala58@gmail.com,
FS017,Rajesh M,morthadrajesh008@gmail.com,
FS018,Rakesh,rakeshchimmani94@gmail.com,
FS019,Ravindra,ravindrareddykisari13@gmail.com,
FS020,Rupa,rupareddy.u@gmail.com,
FS021,Sadgun,sadgun.2099@gmail.com,
FS022,Sathvik,sathvik.gone24@gmail.com,
FS023,Shaik Asif,aasifshaik357@gmail.com,
FS024,Shirisha,shirishapotharaju840@gmail.com,
FS025,Srikar,srikar5544@gmail.com,
FS026,Surya Kiran,thotasuryakiran46@gmail.com,
FS027,Swarupa,swaru6302@gmail.com,
FS028,Swathvika,sathvikayadav56@gmail.com,
FS029,Vennela,devollavennela538@gmail.com,
FS030,Vidhathri Dandapanthula,vidhathrisharma.d@gmail.com,
FS031,Vinoothna,vinoothnamacha@gmail.com,
