"TraineeId","TraineeName","Repository","Technology","Day","Status","Message"
,,"","TypeScript","day-01","FAILED","Repository name missing"
,,"","TypeScript","day-01","FAILED","Repository name missing"
,,"","TypeScript","day-01","FAILED","Repository name missing"
,,"","TypeScript","day-01","FAILED","Repository name missing"
,,"","TypeScript","day-01","FAILED","Repository name missing"
,,"","TypeScript","day-01","FAILED","Repository name missing"
,,"","TypeScript","day-01","FAILED","Repository name missing"
,,"","TypeScript","day-01","FAILED","Repository name missing"
,,"","TypeScript","day-01","FAILED","Repository name missing"
,,"","TypeScript","day-01","FAILED","Repository name missing"
,,"","TypeScript","day-01","FAILED","Repository name missing"
,,"","TypeScript","day-01","FAILED","Repository name missing"
,,"","TypeScript","day-01","FAILED","Repository name missing"
,,"","TypeScript","day-01","FAILED","Repository name missing"
,,"","TypeScript","day-01","FAILED","Repository name missing"
,,"","TypeScript","day-01","FAILED","Repository name missing"
,,"","TypeScript","day-01","FAILED","Repository name missing"
,,"","TypeScript","day-01","FAILED","Repository name missing"
,,"","TypeScript","day-01","FAILED","Repository name missing"
,,"","TypeScript","day-01","FAILED","Repository name missing"
,,"","TypeScript","day-01","FAILED","Repository name missing"
,,"","TypeScript","day-01","FAILED","Repository name missing"
,,"","TypeScript","day-01","FAILED","Repository name missing"
,,"","TypeScript","day-01","FAILED","Repository name missing"
,,"","TypeScript","day-01","FAILED","Repository name missing"
,,"","TypeScript","day-01","FAILED","Repository name missing"
,,"","TypeScript","day-01","FAILED","Repository name missing"
,,"","TypeScript","day-01","FAILED","Repository name missing"
,,"","TypeScript","day-01","FAILED","Repository name missing"
,,"","TypeScript","day-01","FAILED","Repository name missing"
,,"","TypeScript","day-01","FAILED","Repository name missing"
