"TraineeId","TraineeName","Repository","Technology","Day","Assignment","Status","Message"
"FS001","Ajay G","FS001-fullstack-training","TypeScript","day-02","assignment-01","DRY_RUN","Would publish assignment"
"FS002","Arun Kumar M","FS002-fullstack-training","TypeScript","day-02","assignment-01","DRY_RUN","Would publish assignment"
"FS003","Arun P","FS003-fullstack-training","TypeScript","day-02","assignment-01","DRY_RUN","Would publish assignment"
"FS004","Bhanu","FS004-fullstack-training","TypeScript","day-02","assignment-01","DRY_RUN","Would publish assignment"
"FS005","Chandra Shekar B","FS005-fullstack-training","TypeScript","day-02","assignment-01","DRY_RUN","Would publish assignment"
"FS006","G Harshavardhan Reddy","FS006-fullstack-training","TypeScript","day-02","assignment-01","DRY_RUN","Would publish assignment"
"FS007","Geethika","FS007-fullstack-training","TypeScript","day-02","assignment-01","DRY_RUN","Would publish assignment"
"FS008","Harish M","FS008-fullstack-training","TypeScript","day-02","assignment-01","DRY_RUN","Would publish assignment"
"FS009","Harishwar","FS009-fullstack-training","TypeScript","day-02","assignment-01","DRY_RUN","Would publish assignment"
"FS010","K Shravani","FS010-fullstack-training","TypeScript","day-02","assignment-01","DRY_RUN","Would publish assignment"
"FS011","Krishna Mohan","FS011-fullstack-training","TypeScript","day-02","assignment-01","DRY_RUN","Would publish assignment"
"FS012","Lohith","FS012-fullstack-training","TypeScript","day-02","assignment-01","DRY_RUN","Would publish assignment"
"FS013","MahaLakshmi","FS013-fullstack-training","TypeScript","day-02","assignment-01","DRY_RUN","Would publish assignment"
"FS014","Mahesh P","FS014-fullstack-training","TypeScript","day-02","assignment-01","DRY_RUN","Would publish assignment"
"FS015","Navya Sree B","FS015-fullstack-training","TypeScript","day-02","assignment-01","DRY_RUN","Would publish assignment"
"FS016","Praveen","FS016-fullstack-training","TypeScript","day-02","assignment-01","DRY_RUN","Would publish assignment"
"FS017","Rajesh M","FS017-fullstack-training","TypeScript","day-02","assignment-01","DRY_RUN","Would publish assignment"
"FS018","Rakesh","FS018-fullstack-training","TypeScript","day-02","assignment-01","DRY_RUN","Would publish assignment"
"FS019","Ravindra","FS019-fullstack-training","TypeScript","day-02","assignment-01","DRY_RUN","Would publish assignment"
"FS020","Rupa","FS020-fullstack-training","TypeScript","day-02","assignment-01","DRY_RUN","Would publish assignment"
"FS021","Sadgun","FS021-fullstack-training","TypeScript","day-02","assignment-01","DRY_RUN","Would publish assignment"
"FS022","Sathvik","FS022-fullstack-training","TypeScript","day-02","assignment-01","DRY_RUN","Would publish assignment"
"FS023","Shaik Asif","FS023-fullstack-training","TypeScript","day-02","assignment-01","DRY_RUN","Would publish assignment"
"FS024","Shirisha","FS024-fullstack-training","TypeScript","day-02","assignment-01","DRY_RUN","Would publish assignment"
"FS025","Srikar","FS025-fullstack-training","TypeScript","day-02","assignment-01","DRY_RUN","Would publish assignment"
"FS026","Surya Kiran","FS026-fullstack-training","TypeScript","day-02","assignment-01","DRY_RUN","Would publish assignment"
"FS027","Swarupa","FS027-fullstack-training","TypeScript","day-02","assignment-01","DRY_RUN","Would publish assignment"
"FS028","Swathvika","FS028-fullstack-training","TypeScript","day-02","assignment-01","DRY_RUN","Would publish assignment"
"FS029","Vennela","FS029-fullstack-training","TypeScript","day-02","assignment-01","DRY_RUN","Would publish assignment"
"FS030","Vidhathri Dandapanthula","FS030-fullstack-training","TypeScript","day-02","assignment-01","DRY_RUN","Would publish assignment"
"FS031","Vinoothna","FS031-fullstack-training","TypeScript","day-02","assignment-01","DRY_RUN","Would publish assignment"
